﻿<?xml version="1.0" encoding="utf-8"?>
<deployment>
  <id>e464cd27-1a9a-451e-a9a4-1445f77245bc</id>
  <author>N/A</author>
  <deployer>OneDeploy</deployer>
  <authorEmail>N/A</authorEmail>
  <message>N/A</message>
  <progress></progress>
  <status>Failed</status>
  <statusText></statusText>
  <lastSuccessEndTime />
  <receivedTime>2026-01-19T01:19:07.0028017Z</receivedTime>
  <startTime>2026-01-19T01:19:08.6458805Z</startTime>
  <endTime>2026-01-19T01:19:10.1523137Z</endTime>
  <complete>True</complete>
  <is_temp>False</is_temp>
  <is_readonly>True</is_readonly>
  <buildSummary />
</deployment>