<step title="Incoming Request" date="2026-01-19T01:02:05.107" instance="f6177e" url="/deploy?scmType=ExternalGit&amp;isAsync=true" method="POST" type="request" pid="831,1,5" Host="laptop-store-api.scm.azurewebsites.net" User-Agent="Azure-WebSites-Controller/106.0.7.100" Authorization="Bas..." Expect="100-continue" Content-Length="94" x-ms-request-id="995b16bd-9fe1-46f1-9a2f-e40d25afe806" X-ARR-LOG-ID="995b16bd-9fe1-46f1-9a2f-e40d25afe806" CLIENT-IP="13.75.34.162:6016" X-SITE-DEPLOYMENT-ID="laptop-store-api" WAS-DEFAULT-HOSTNAME="laptop-store-api.scm.azurewebsites.net" X-MS-PLATFORM-INTERNAL="True" X-Forwarded-Proto="https" X-AppService-Proto="https" X-Forwarded-TlsVersion="1.3" X-WAWS-Unencoded-URL="/deploy?scmType=ExternalGit&amp;isAsync=true" X-Client-IP="13.75.34.162" X-Client-Port="6016" >
  <step title="Cleanup Xml Logs" date="2026-01-19T01:02:05.112" /><!-- duration: 9ms -->
  <step title="FetchHandler" date="2026-01-19T01:02:05.138" >
    <step title="Executing external process" date="2026-01-19T01:02:05.158" type="process" path="git" arguments="rev-parse --git-dir" /><!-- duration: 31ms -->
    <step title="Executing external process" date="2026-01-19T01:02:05.194" type="process" path="git" arguments="rev-parse --git-dir" /><!-- duration: 13ms -->
    <step title="Executing external process" date="2026-01-19T01:02:05.214" type="process" path="git" arguments="log -n 1 dev --" /><!-- duration: 85ms -->
    <step title="Start deployment in the background" date="2026-01-19T01:02:05.305" >
      <step title="Executing external process" date="2026-01-19T01:02:05.316" type="process" path="git" arguments="rev-parse --git-dir" /><!-- duration: 34ms -->
      <step title="Executing external process" date="2026-01-19T01:02:05.358" type="process" path="git" arguments="rev-parse --git-dir" /><!-- duration: 17ms -->
      <step title="Executing external process" date="2026-01-19T01:02:05.380" type="process" path="git" arguments="log -n 1 dev --" /><!-- duration: 22ms -->
      <step title="Acquiring Deployment Lock" date="2026-01-19T01:02:05.408" /><!-- duration: 5ms -->
      <step title="Acquired Deployment Lock" date="2026-01-19T01:02:05.466" /><!-- duration: 5ms -->
    </step><!-- duration: 269ms -->
  </step><!-- duration: 442ms -->
  <step title="Outgoing response" date="2026-01-19T01:02:05.609" type="response" statusCode="202" statusText="Accepted" /><!-- duration: 7ms -->
</step><!-- duration: 514ms -->
