<step title="Incoming Request" date="2026-01-19T01:17:02.785" instance="9b805b" url="/api/zipdeploy?isAsync=true" method="POST" type="request" pid="831,1,7" Accept="*/*" Host="laptop-store-api.scm.azurewebsites.net" User-Agent="AZURECLI/2.82.0 (DEB)" Accept-Encoding="gzip, deflate" Authorization="Bea..." Cache-Control="no-cache" Content-Type="application/octet-stream" Content-Length="1509021" x-ms-client-request-id="8ca906e4-f4d4-11f0-9866-18c04da5acbe" x-ms-artifact-checksum="84cf09c0cc8371f057cbda22d22d57cc7deda840c463e3c1aceb97bb7701da11" X-ARR-LOG-ID="8ca906e4-f4d4-11f0-9866-18c04da5acbe" CLIENT-IP="14.191.160.191:16168" X-SITE-DEPLOYMENT-ID="laptop-store-api" WAS-DEFAULT-HOSTNAME="laptop-store-api.scm.azurewebsites.net" X-Forwarded-Proto="https" X-AppService-Proto="https" X-Forwarded-TlsVersion="1.3" X-WAWS-Unencoded-URL="/api/zipdeploy?isAsync=true" X-Client-IP="14.191.160.191" X-Client-Port="16168" >
  <step title="ZipPushDeploy" date="2026-01-19T01:17:03.742" >
    <step title="ZipDeploy. Extract zip. Remote build." date="2026-01-19T01:17:03.753" /><!-- duration: 5ms -->
    <step title="None repository commit" date="2026-01-19T01:17:03.763" >
      <step title="Commit id: a56e7471-1be8-4459-8269-bf0687dc5104" date="2026-01-19T01:17:03.767" Message="N/A" AuthorName="N/A" AuthorEmail="N/A" /><!-- duration: 4ms -->
    </step><!-- duration: 11ms -->
    <step title="Starting PushDeployAsync" date="2026-01-19T01:17:03.778" /><!-- duration: 4ms -->
    <step title="Writing artifact to /tmp/zipdeploy/d9cd8f92-6868-4d3d-98af-fde5f6b688d8.zip" date="2026-01-19T01:17:03.802" >
      <step title="Writing multipart request body to /tmp/zipdeploy/d9cd8f92-6868-4d3d-98af-fde5f6b688d8.zip" date="2026-01-19T01:17:03.807" /><!-- duration: 12ms -->
    </step><!-- duration: 232ms -->
    <step title="None repository commit" date="2026-01-19T01:17:04.047" >
      <step title="Commit id: a56e7471-1be8-4459-8269-bf0687dc5104" date="2026-01-19T01:17:04.051" Message="N/A" AuthorName="N/A" AuthorEmail="N/A" /><!-- duration: 4ms -->
    </step><!-- duration: 11ms -->
    <step title="Start deployment in the background" date="2026-01-19T01:17:04.067" >
      <step title="None repository commit" date="2026-01-19T01:17:04.094" >
        <step title="Commit id: a56e7471-1be8-4459-8269-bf0687dc5104" date="2026-01-19T01:17:04.134" Message="N/A" AuthorName="N/A" AuthorEmail="N/A" /><!-- duration: 13ms -->
      </step><!-- duration: 58ms -->
      <step title="Acquiring Deployment Lock" date="2026-01-19T01:17:04.157" /><!-- duration: 3ms -->
      <step title="Acquired Deployment Lock" date="2026-01-19T01:17:04.210" /><!-- duration: 4ms -->
    </step><!-- duration: 241ms -->
  </step><!-- duration: 574ms -->
  <step title="Outgoing response" date="2026-01-19T01:17:04.337" type="response" statusCode="202" statusText="Accepted" /><!-- duration: 4ms -->
</step><!-- duration: 1560ms -->
