<step title="Incoming Request" date="2026-01-19T01:18:55.591" instance="9b805b" url="/api/publish?type=zip" method="POST" type="request" pid="831,1,5" Accept="*/*" Host="laptop-store-api.scm.azurewebsites.net" User-Agent="AZURECLI/2.82.0 (DEB)" Accept-Encoding="gzip, deflate" Authorization="Bea..." Cache-Control="no-cache" Content-Type="application/octet-stream" Cookie="ARRAffinity=9b805bec49cd6e108f8318510d3911b0c2515c3babab3c5c5f0255584fb6168e; ARRAffinitySameSite=9b805bec49cd6e108f8318510d3911b0c2515c3babab3c5c5f0255584fb6168e" Content-Length="12226113" x-ms-client-request-id="cc5e1afe-f4d4-11f0-9866-18c04da5acbe" x-ms-artifact-checksum="1172990c4aa60be2ac0d46bc308db21a460e1eb6692cbaee560024cc2331c159" X-ARR-LOG-ID="cc5e1afe-f4d4-11f0-9866-18c04da5acbe" CLIENT-IP="14.191.160.191:1967" X-SITE-DEPLOYMENT-ID="laptop-store-api" WAS-DEFAULT-HOSTNAME="laptop-store-api.scm.azurewebsites.net" X-Forwarded-Proto="https" X-AppService-Proto="https" X-Forwarded-TlsVersion="1.3" X-WAWS-Unencoded-URL="/api/publish?type=zip" X-Client-IP="14.191.160.191" X-Client-Port="1967" >
  <step title="OneDeploy" date="2026-01-19T01:18:55.677" >
    <step title="None repository commit" date="2026-01-19T01:18:55.695" >
      <step title="Commit id: e464cd27-1a9a-451e-a9a4-1445f77245bc" date="2026-01-19T01:18:55.701" Message="N/A" AuthorName="N/A" AuthorEmail="N/A" /><!-- duration: 4ms -->
    </step><!-- duration: 14ms -->
    <step title="Starting PushDeployAsync" date="2026-01-19T01:18:55.714" /><!-- duration: 8ms -->
    <step title="Writing artifact to /tmp/zipdeploy/cb88be66-0715-490f-b7ad-bc7e5befd099.zip" date="2026-01-19T01:18:55.755" >
      <step title="Writing multipart request body to /tmp/zipdeploy/cb88be66-0715-490f-b7ad-bc7e5befd099.zip" date="2026-01-19T01:18:55.762" /><!-- duration: 6ms -->
    </step><!-- duration: 1294ms -->
    <step title="None repository commit" date="2026-01-19T01:18:57.069" >
      <step title="Commit id: e464cd27-1a9a-451e-a9a4-1445f77245bc" date="2026-01-19T01:18:57.074" Message="N/A" AuthorName="N/A" AuthorEmail="N/A" /><!-- duration: 5ms -->
    </step><!-- duration: 20ms -->
    <step title="Attempting to fetch target branch HEAD" date="2026-01-19T01:18:57.095" /><!-- duration: 4ms -->
    <step title="Acquiring Deployment Lock" date="2026-01-19T01:18:57.104" /><!-- duration: 14ms -->
    <step title="Acquired Deployment Lock" date="2026-01-19T01:18:57.157" /><!-- duration: 5ms -->
    <step title="None repository commit" date="2026-01-19T01:18:57.168" >
      <step title="Commit id: e464cd27-1a9a-451e-a9a4-1445f77245bc" date="2026-01-19T01:18:57.172" Message="N/A" AuthorName="N/A" AuthorEmail="N/A" /><!-- duration: 7ms -->
    </step><!-- duration: 16ms -->
    <step title="Performing fetch based deployment" date="2026-01-19T01:18:57.188" >
      <step title="Creating temporary deployment" date="2026-01-19T01:18:57.193" /><!-- duration: 61ms -->
      <step title="Releasing Deployment Lock" date="2026-01-19T01:18:58.570" /><!-- duration: 7ms -->
      <step title="Cleaning up temp folders from previous zip deployments and extracting pushed zip file /tmp/zipdeploy/cb88be66-0715-490f-b7ad-bc7e5befd099.zip (11.66 MB) to /tmp/zipdeploy/extracted" date="2026-01-19T01:18:58.618" >
        <step title="ChmodRecursive Process exited with total time taken in ms: 410" date="2026-01-19T01:19:04.822" /><!-- duration: 8ms -->
      </step><!-- duration: 6217ms -->
      <step title="None repository commit" date="2026-01-19T01:19:04.845" >
        <step title="Commit id: e464cd27-1a9a-451e-a9a4-1445f77245bc" date="2026-01-19T01:19:04.850" Message="OneDeploy" AuthorName="N/A" AuthorEmail="N/A" /><!-- duration: 4ms -->
      </step><!-- duration: 13ms -->
      <step title="None repository commit" date="2026-01-19T01:19:06.863" >
        <step title="Commit id: e464cd27-1a9a-451e-a9a4-1445f77245bc" date="2026-01-19T01:19:06.903" Message="N/A" AuthorName="N/A" AuthorEmail="N/A" /><!-- duration: 19ms -->
      </step><!-- duration: 63ms -->
      <step title="Deployment timer started" date="2026-01-19T01:19:06.933" >
        <step title="DeploymentManager.Deploy(id:e464cd27-1a9a-451e-a9a4-1445f77245bc)" date="2026-01-19T01:19:06.937" >
          <step title="Collecting changeset information" date="2026-01-19T01:19:06.967" /><!-- duration: 125ms -->
          <step title="Updating submodules" date="2026-01-19T01:19:07.102" /><!-- duration: 1324ms -->
          <step title="Determining deployment builder" date="2026-01-19T01:19:08.747" >
            <step title="Builder is CustomBuilder" date="2026-01-19T01:19:08.753" /><!-- duration: 7ms -->
          </step><!-- duration: 18ms -->
          <step title="PreDeployment: context.CleanOutputPath False" date="2026-01-19T01:19:08.830" >
            <step title="PreDeployment: context.OutputPath /home/site/wwwroot" date="2026-01-19T01:19:09.004" >
              <step title="Building" date="2026-01-19T01:19:09.200" >
                <step title="Executing external process" date="2026-01-19T01:19:09.875" type="process" path="starter.sh" arguments="deploy.sh" >
                  <step title="Process dump" date="2026-01-19T01:19:09.986" exitCode="127" type="processOutput" /><!-- duration: 4ms -->
                </step><!-- duration: 128ms -->
                <step title="Error occurred" date="2026-01-19T01:19:10.108" type="error" text="/opt/Kudu/Scripts/starter.sh: line 2: exec: deploy.sh: not found
/opt/Kudu/Scripts/starter.sh deploy.sh" stackTrace="   at Kudu.Core.Infrastructure.Executable.ExecuteInternal(ITracer tracer, Func`2 onWriteOutput, Func`2 onWriteError, CancellationToken token, Encoding encoding, String arguments, Object[] args) in /tmp/KuduLite/Kudu.Core/Infrastructure/Executable.cs:line 239
   at Kudu.Core.Infrastructure.Executable.ExecuteWithProgressWriter(ILogger logger, ITracer tracer, CancellationToken token, String arguments, Object[] args) in /tmp/KuduLite/Kudu.Core/Infrastructure/Executable.cs:line 118
   at Kudu.Core.Deployment.Generator.ExternalCommandBuilder.RunCommand(DeploymentContext context, String command, Boolean ignoreManifest, CancellationToken token, String message) in /tmp/KuduLite/Kudu.Core/Deployment/Generator/ExternalCommandBuilder.cs:line 122" /><!-- duration: 4ms -->
                <step title="Error occurred" date="2026-01-19T01:19:10.138" type="error" text="/opt/Kudu/Scripts/starter.sh: line 2: exec: deploy.sh: not found
/opt/Kudu/Scripts/starter.sh deploy.sh" stackTrace="   at Kudu.Core.Infrastructure.Executable.ExecuteInternal(ITracer tracer, Func`2 onWriteOutput, Func`2 onWriteError, CancellationToken token, Encoding encoding, String arguments, Object[] args) in /tmp/KuduLite/Kudu.Core/Infrastructure/Executable.cs:line 239
   at Kudu.Core.Infrastructure.Executable.ExecuteWithProgressWriter(ILogger logger, ITracer tracer, CancellationToken token, String arguments, Object[] args) in /tmp/KuduLite/Kudu.Core/Infrastructure/Executable.cs:line 118
   at Kudu.Core.Deployment.Generator.ExternalCommandBuilder.RunCommand(DeploymentContext context, String command, Boolean ignoreManifest, CancellationToken token, String message) in /tmp/KuduLite/Kudu.Core/Deployment/Generator/ExternalCommandBuilder.cs:line 122
   at Kudu.Core.Deployment.Generator.CustomBuilder.Build(DeploymentContext context, CancellationToken token) in /tmp/KuduLite/Kudu.Core/Deployment/Generator/CustomBuilder.cs:line 53
--- End of stack trace from previous location ---
   at Kudu.Core.Deployment.DeploymentManager.Build(ChangeSet changeSet, ITracer tracer, IDisposable deployStep, IRepository repository, DeploymentInfoBase deploymentInfo, DeploymentAnalytics deploymentAnalytics, Boolean fullBuildByDefault, CancellationToken cancellationToken) in /tmp/KuduLite/Kudu.Core/Deployment/DeploymentManager.cs:line 771" /><!-- duration: 5ms -->
                <step title="Purge deployment items" date="2026-01-19T01:19:10.628" >
                  <step title="Remove a56e7471-, Failed, received at 01/19/2026 01:17:08" date="2026-01-19T01:19:10.712" /><!-- duration: 5ms -->
                </step><!-- duration: 93ms -->
              </step><!-- duration: 1526ms -->
            </step><!-- duration: 1727ms -->
            <step title="Error occurred" date="2026-01-19T01:19:10.737" type="error" text="/opt/Kudu/Scripts/starter.sh: line 2: exec: deploy.sh: not found
/opt/Kudu/Scripts/starter.sh deploy.sh" stackTrace="   at Kudu.Core.Infrastructure.Executable.ExecuteInternal(ITracer tracer, Func`2 onWriteOutput, Func`2 onWriteError, CancellationToken token, Encoding encoding, String arguments, Object[] args) in /tmp/KuduLite/Kudu.Core/Infrastructure/Executable.cs:line 239
   at Kudu.Core.Infrastructure.Executable.ExecuteWithProgressWriter(ILogger logger, ITracer tracer, CancellationToken token, String arguments, Object[] args) in /tmp/KuduLite/Kudu.Core/Infrastructure/Executable.cs:line 118
   at Kudu.Core.Deployment.Generator.ExternalCommandBuilder.RunCommand(DeploymentContext context, String command, Boolean ignoreManifest, CancellationToken token, String message) in /tmp/KuduLite/Kudu.Core/Deployment/Generator/ExternalCommandBuilder.cs:line 122
   at Kudu.Core.Deployment.Generator.CustomBuilder.Build(DeploymentContext context, CancellationToken token) in /tmp/KuduLite/Kudu.Core/Deployment/Generator/CustomBuilder.cs:line 53
--- End of stack trace from previous location ---
   at Kudu.Core.Deployment.DeploymentManager.Build(ChangeSet changeSet, ITracer tracer, IDisposable deployStep, IRepository repository, DeploymentInfoBase deploymentInfo, DeploymentAnalytics deploymentAnalytics, Boolean fullBuildByDefault, CancellationToken cancellationToken) in /tmp/KuduLite/Kudu.Core/Deployment/DeploymentManager.cs:line 771
   at Kudu.Core.Deployment.DeploymentManager.Build(ChangeSet changeSet, ITracer tracer, IDisposable deployStep, IRepository repository, DeploymentInfoBase deploymentInfo, DeploymentAnalytics deploymentAnalytics, Boolean fullBuildByDefault, CancellationToken cancellationToken) in /tmp/KuduLite/Kudu.Core/Deployment/DeploymentManager.cs:line 840" /><!-- duration: 4ms -->
            <step title="Cleaning up temp files" date="2026-01-19T01:19:10.835" /><!-- duration: 6ms -->
            <step title="Cleaning up temp files" date="2026-01-19T01:19:10.852" /><!-- duration: 511ms -->
            <step title="Error occurred" date="2026-01-19T01:19:11.434" type="error" text="/opt/Kudu/Scripts/starter.sh: line 2: exec: deploy.sh: not found
/opt/Kudu/Scripts/starter.sh deploy.sh" stackTrace="   at Kudu.Core.Infrastructure.Executable.ExecuteInternal(ITracer tracer, Func`2 onWriteOutput, Func`2 onWriteError, CancellationToken token, Encoding encoding, String arguments, Object[] args) in /tmp/KuduLite/Kudu.Core/Infrastructure/Executable.cs:line 239
   at Kudu.Core.Infrastructure.Executable.ExecuteWithProgressWriter(ILogger logger, ITracer tracer, CancellationToken token, String arguments, Object[] args) in /tmp/KuduLite/Kudu.Core/Infrastructure/Executable.cs:line 118
   at Kudu.Core.Deployment.Generator.ExternalCommandBuilder.RunCommand(DeploymentContext context, String command, Boolean ignoreManifest, CancellationToken token, String message) in /tmp/KuduLite/Kudu.Core/Deployment/Generator/ExternalCommandBuilder.cs:line 122
   at Kudu.Core.Deployment.Generator.CustomBuilder.Build(DeploymentContext context, CancellationToken token) in /tmp/KuduLite/Kudu.Core/Deployment/Generator/CustomBuilder.cs:line 53
--- End of stack trace from previous location ---
   at Kudu.Core.Deployment.DeploymentManager.Build(ChangeSet changeSet, ITracer tracer, IDisposable deployStep, IRepository repository, DeploymentInfoBase deploymentInfo, DeploymentAnalytics deploymentAnalytics, Boolean fullBuildByDefault, CancellationToken cancellationToken) in /tmp/KuduLite/Kudu.Core/Deployment/DeploymentManager.cs:line 771
   at Kudu.Core.Deployment.DeploymentManager.Build(ChangeSet changeSet, ITracer tracer, IDisposable deployStep, IRepository repository, DeploymentInfoBase deploymentInfo, DeploymentAnalytics deploymentAnalytics, Boolean fullBuildByDefault, CancellationToken cancellationToken) in /tmp/KuduLite/Kudu.Core/Deployment/DeploymentManager.cs:line 840
   at Kudu.Core.Deployment.DeploymentManager.DeployAsync(IRepository repository, ChangeSet changeSet, String deployer, Boolean clean, DeploymentInfoBase deploymentInfo, Boolean needFileUpdate, Boolean fullBuildByDefault) in /tmp/KuduLite/Kudu.Core/Deployment/DeploymentManager.cs:line 266" /><!-- duration: 6ms -->
          </step><!-- duration: 2619ms -->
          <step title="Reloading status file with latest updates" date="2026-01-19T01:19:11.504" >
            <step title="WebHooksManager.PublishEventAsync: PostDeployment" date="2026-01-19T01:19:11.509" /><!-- duration: 127ms -->
          </step><!-- duration: 139ms -->
          <step title="Error occurred" date="2026-01-19T01:19:11.648" type="error" text="/opt/Kudu/Scripts/starter.sh: line 2: exec: deploy.sh: not found
/opt/Kudu/Scripts/starter.sh deploy.sh" stackTrace="   at Kudu.Core.Infrastructure.Executable.ExecuteInternal(ITracer tracer, Func`2 onWriteOutput, Func`2 onWriteError, CancellationToken token, Encoding encoding, String arguments, Object[] args) in /tmp/KuduLite/Kudu.Core/Infrastructure/Executable.cs:line 239
   at Kudu.Core.Infrastructure.Executable.ExecuteWithProgressWriter(ILogger logger, ITracer tracer, CancellationToken token, String arguments, Object[] args) in /tmp/KuduLite/Kudu.Core/Infrastructure/Executable.cs:line 118
   at Kudu.Core.Deployment.Generator.ExternalCommandBuilder.RunCommand(DeploymentContext context, String command, Boolean ignoreManifest, CancellationToken token, String message) in /tmp/KuduLite/Kudu.Core/Deployment/Generator/ExternalCommandBuilder.cs:line 122
   at Kudu.Core.Deployment.Generator.CustomBuilder.Build(DeploymentContext context, CancellationToken token) in /tmp/KuduLite/Kudu.Core/Deployment/Generator/CustomBuilder.cs:line 53
--- End of stack trace from previous location ---
   at Kudu.Core.Deployment.DeploymentManager.Build(ChangeSet changeSet, ITracer tracer, IDisposable deployStep, IRepository repository, DeploymentInfoBase deploymentInfo, DeploymentAnalytics deploymentAnalytics, Boolean fullBuildByDefault, CancellationToken cancellationToken) in /tmp/KuduLite/Kudu.Core/Deployment/DeploymentManager.cs:line 771
   at Kudu.Core.Deployment.DeploymentManager.Build(ChangeSet changeSet, ITracer tracer, IDisposable deployStep, IRepository repository, DeploymentInfoBase deploymentInfo, DeploymentAnalytics deploymentAnalytics, Boolean fullBuildByDefault, CancellationToken cancellationToken) in /tmp/KuduLite/Kudu.Core/Deployment/DeploymentManager.cs:line 840
   at Kudu.Core.Deployment.DeploymentManager.DeployAsync(IRepository repository, ChangeSet changeSet, String deployer, Boolean clean, DeploymentInfoBase deploymentInfo, Boolean needFileUpdate, Boolean fullBuildByDefault) in /tmp/KuduLite/Kudu.Core/Deployment/DeploymentManager.cs:line 266" /><!-- duration: 4ms -->
          <step title="Marking deployment as failed and cleaning up the temp deployment" date="2026-01-19T01:19:11.710" /><!-- duration: 5ms -->
        </step><!-- duration: 4938ms -->
      </step><!-- duration: 4949ms -->
      <step title="Error occurred" date="2026-01-19T01:19:11.914" type="error" text="Deployment failed" stackTrace="   at Kudu.Core.Deployment.DeploymentManager.DeployAsync(IRepository repository, ChangeSet changeSet, String deployer, Boolean clean, DeploymentInfoBase deploymentInfo, Boolean needFileUpdate, Boolean fullBuildByDefault) in /tmp/KuduLite/Kudu.Core/Deployment/DeploymentManager.cs:line 307
   at Kudu.Core.Deployment.FetchDeploymentManager.PerformDeployment(DeploymentInfoBase deploymentInfo, IDisposable tempDeployment, ChangeSet tempChangeSet, DeployStatusApiResult updateStatusObj) in /tmp/KuduLite/Kudu.Core/Deployment/FetchDeploymentManager.cs:line 230
   at Kudu.Core.Deployment.FetchDeploymentManager.&lt;&gt;c__DisplayClass17_0.&lt;&lt;FetchDeploy&gt;b__0&gt;d.MoveNext() in /tmp/KuduLite/Kudu.Core/Deployment/FetchDeploymentManager.cs:line 131
--- End of stack trace from previous location ---
   at Kudu.Core.Deployment.FetchDeploymentManager.FetchDeploy(DeploymentInfoBase deployInfo, Boolean asyncRequested, Uri requestUri, String targetBranch) in /tmp/KuduLite/Kudu.Core/Deployment/FetchDeploymentManager.cs:line 124
   at Kudu.Services.Deployment.PushDeploymentController.PushDeployAsync(ArtifactDeploymentInfo deploymentInfo, Boolean isAsync, HttpContext context, JObject requestJson) in /tmp/KuduLite/Kudu.Services/Deployment/PushDeploymentController.cs:line 802
   at Kudu.Services.Deployment.PushDeploymentController.OneDeploy(String type, Boolean async, String path, Nullable`1 restart, Nullable`1 clean, Boolean ignoreStack, Boolean trackDeploymentProgress, Boolean trackStatus, Boolean reset) in /tmp/KuduLite/Kudu.Services/Deployment/PushDeploymentController.cs:line 624
   at Microsoft.AspNetCore.Mvc.Infrastructure.ActionMethodExecutor.TaskOfIActionResultExecutor.Execute(ActionContext actionContext, IActionResultTypeMapper mapper, ObjectMethodExecutor executor, Object controller, Object[] arguments)
   at Microsoft.AspNetCore.Mvc.Infrastructure.ControllerActionInvoker.&lt;InvokeActionMethodAsync&gt;g__Awaited|12_0(ControllerActionInvoker invoker, ValueTask`1 actionResultValueTask)
   at Microsoft.AspNetCore.Mvc.Infrastructure.ControllerActionInvoker.&lt;InvokeNextActionFilterAsync&gt;g__Awaited|10_0(ControllerActionInvoker invoker, Task lastTask, State next, Scope scope, Object state, Boolean isCompleted)
   at Microsoft.AspNetCore.Mvc.Infrastructure.ControllerActionInvoker.Rethrow(ActionExecutedContextSealed context)
   at Microsoft.AspNetCore.Mvc.Infrastructure.ControllerActionInvoker.Next(State&amp; next, Scope&amp; scope, Object&amp; state, Boolean&amp; isCompleted)
   at Microsoft.AspNetCore.Mvc.Infrastructure.ControllerActionInvoker.&lt;InvokeInnerFilterAsync&gt;g__Awaited|13_0(ControllerActionInvoker invoker, Task lastTask, State next, Scope scope, Object state, Boolean isCompleted)
   at Microsoft.AspNetCore.Mvc.Infrastructure.ResourceInvoker.&lt;InvokeNextResourceFilter&gt;g__Awaited|25_0(ResourceInvoker invoker, Task lastTask, State next, Scope scope, Object state, Boolean isCompleted)
   at Microsoft.AspNetCore.Mvc.Infrastructure.ResourceInvoker.Rethrow(ResourceExecutedContextSealed context)
   at Microsoft.AspNetCore.Mvc.Infrastructure.ResourceInvoker.Next(State&amp; next, Scope&amp; scope, Object&amp; state, Boolean&amp; isCompleted)
   at Microsoft.AspNetCore.Mvc.Infrastructure.ResourceInvoker.&lt;InvokeFilterPipelineAsync&gt;g__Awaited|20_0(ResourceInvoker invoker, Task lastTask, State next, Scope scope, Object state, Boolean isCompleted)
   at Microsoft.AspNetCore.Mvc.Infrastructure.ResourceInvoker.&lt;InvokeAsync&gt;g__Awaited|17_0(ResourceInvoker invoker, Task task, IDisposable scope)
   at Microsoft.AspNetCore.Mvc.Infrastructure.ResourceInvoker.&lt;InvokeAsync&gt;g__Awaited|17_0(ResourceInvoker invoker, Task task, IDisposable scope)
   at Microsoft.AspNetCore.Builder.RouterMiddleware.Invoke(HttpContext httpContext)
   at Kudu.Services.Web.Tracing.TraceMiddleware.Invoke(HttpContext context) in /tmp/KuduLite/Kudu.Services.Web/Tracing/TraceMiddleware.cs:line 101" innerText="/opt/Kudu/Scripts/starter.sh: line 2: exec: deploy.sh: not found
/opt/Kudu/Scripts/starter.sh deploy.sh" innerStackTrace="   at Kudu.Core.Infrastructure.Executable.ExecuteInternal(ITracer tracer, Func`2 onWriteOutput, Func`2 onWriteError, CancellationToken token, Encoding encoding, String arguments, Object[] args) in /tmp/KuduLite/Kudu.Core/Infrastructure/Executable.cs:line 239
   at Kudu.Core.Infrastructure.Executable.ExecuteWithProgressWriter(ILogger logger, ITracer tracer, CancellationToken token, String arguments, Object[] args) in /tmp/KuduLite/Kudu.Core/Infrastructure/Executable.cs:line 118
   at Kudu.Core.Deployment.Generator.ExternalCommandBuilder.RunCommand(DeploymentContext context, String command, Boolean ignoreManifest, CancellationToken token, String message) in /tmp/KuduLite/Kudu.Core/Deployment/Generator/ExternalCommandBuilder.cs:line 122
   at Kudu.Core.Deployment.Generator.CustomBuilder.Build(DeploymentContext context, CancellationToken token) in /tmp/KuduLite/Kudu.Core/Deployment/Generator/CustomBuilder.cs:line 53
--- End of stack trace from previous location ---
   at Kudu.Core.Deployment.DeploymentManager.Build(ChangeSet changeSet, ITracer tracer, IDisposable deployStep, IRepository repository, DeploymentInfoBase deploymentInfo, DeploymentAnalytics deploymentAnalytics, Boolean fullBuildByDefault, CancellationToken cancellationToken) in /tmp/KuduLite/Kudu.Core/Deployment/DeploymentManager.cs:line 771
   at Kudu.Core.Deployment.DeploymentManager.Build(ChangeSet changeSet, ITracer tracer, IDisposable deployStep, IRepository repository, DeploymentInfoBase deploymentInfo, DeploymentAnalytics deploymentAnalytics, Boolean fullBuildByDefault, CancellationToken cancellationToken) in /tmp/KuduLite/Kudu.Core/Deployment/DeploymentManager.cs:line 840
   at Kudu.Core.Deployment.DeploymentManager.DeployAsync(IRepository repository, ChangeSet changeSet, String deployer, Boolean clean, DeploymentInfoBase deploymentInfo, Boolean needFileUpdate, Boolean fullBuildByDefault) in /tmp/KuduLite/Kudu.Core/Deployment/DeploymentManager.cs:line 266" /><!-- duration: 6ms -->
      <step title="Incoming Request" date="2026-01-19T01:19:11.946" url="/Error?type=zip" method="POST" type="request" pid="831,1,16" Accept="*/*" Host="laptop-store-api.scm.azurewebsites.net" User-Agent="AZURECLI/2.82.0 (DEB)" Accept-Encoding="gzip, deflate" Authorization="Bea..." Cache-Control="no-cache" Content-Type="application/octet-stream" Cookie="ARRAffinity=9b805bec49cd6e108f8318510d3911b0c2515c3babab3c5c5f0255584fb6168e; ARRAffinitySameSite=9b805bec49cd6e108f8318510d3911b0c2515c3babab3c5c5f0255584fb6168e" Content-Length="12226113" x-ms-client-request-id="cc5e1afe-f4d4-11f0-9866-18c04da5acbe" x-ms-artifact-checksum="1172990c4aa60be2ac0d46bc308db21a460e1eb6692cbaee560024cc2331c159" X-ARR-LOG-ID="cc5e1afe-f4d4-11f0-9866-18c04da5acbe" CLIENT-IP="14.191.160.191:1967" X-SITE-DEPLOYMENT-ID="laptop-store-api" WAS-DEFAULT-HOSTNAME="laptop-store-api.scm.azurewebsites.net" X-Forwarded-Proto="https" X-AppService-Proto="https" X-Forwarded-TlsVersion="1.3" X-WAWS-Unencoded-URL="/api/publish?type=zip" X-Client-IP="14.191.160.191" X-Client-Port="1967" >
        <step title="Outgoing response" date="2026-01-19T01:19:11.997" type="response" statusCode="400" statusText="BadRequest" /><!-- duration: 12ms -->
      </step><!-- duration: 82ms -->
