<step title="Incoming Request" date="2026-01-19T01:01:08.601" instance="f6177e" url="/deploy?scmType=ExternalGit&amp;isAsync=true" method="POST" type="request" pid="831,1,7" Host="laptop-store-api.scm.azurewebsites.net" User-Agent="Azure-WebSites-Controller/106.0.7.100" Authorization="Bas..." Expect="100-continue" Content-Length="94" x-ms-request-id="5102b0bd-40a8-46dc-8b0b-9d98a92597c2" X-ARR-LOG-ID="5102b0bd-40a8-46dc-8b0b-9d98a92597c2" CLIENT-IP="13.75.34.162:6274" X-SITE-DEPLOYMENT-ID="laptop-store-api" WAS-DEFAULT-HOSTNAME="laptop-store-api.scm.azurewebsites.net" X-MS-PLATFORM-INTERNAL="True" X-Forwarded-Proto="https" X-AppService-Proto="https" X-Forwarded-TlsVersion="1.3" X-WAWS-Unencoded-URL="/deploy?scmType=ExternalGit&amp;isAsync=true" X-Client-IP="13.75.34.162" X-Client-Port="6274" >
  <step title="FetchHandler" date="2026-01-19T01:01:08.640" >
    <step title="GitExeRepository.Initialize" date="2026-01-19T01:01:08.667" >
      <step title="Executing external process" date="2026-01-19T01:01:08.678" type="process" path="git" arguments="init" /><!-- duration: 894ms -->
      <step title="Executing external process" date="2026-01-19T01:01:09.586" type="process" path="git" arguments="config core.autocrlf false" /><!-- duration: 32ms -->
      <step title="Executing external process" date="2026-01-19T01:01:09.627" type="process" path="git" arguments="config core.preloadindex true" /><!-- duration: 30ms -->
      <step title="Executing external process" date="2026-01-19T01:01:09.664" type="process" path="git" arguments="config user.name &quot;unknown&quot;" /><!-- duration: 32ms -->
      <step title="Executing external process" date="2026-01-19T01:01:09.704" type="process" path="git" arguments="config user.email &quot;unknown&quot;" /><!-- duration: 28ms -->
      <step title="Executing external process" date="2026-01-19T01:01:09.738" type="process" path="git" arguments="config filter.lfs.clean &quot;git-lfs clean %f&quot;" /><!-- duration: 34ms -->
      <step title="Executing external process" date="2026-01-19T01:01:09.778" type="process" path="git" arguments="config filter.lfs.smudge &quot;git-lfs smudge %f&quot;" /><!-- duration: 27ms -->
      <step title="Executing external process" date="2026-01-19T01:01:09.811" type="process" path="git" arguments="config filter.lfs.required true" /><!-- duration: 25ms -->
      <step title="Configure git server" date="2026-01-19T01:01:09.842" >
        <step title="Executing external process" date="2026-01-19T01:01:09.851" type="process" path="git" arguments="config receive.denyCurrentBranch ignore" /><!-- duration: 29ms -->
      </step><!-- duration: 43ms -->
      <step title="Create deny users for .git folder" date="2026-01-19T01:01:09.892" /><!-- duration: 47ms -->
      <step title="Configure git-credential" date="2026-01-19T01:01:09.945" >
        <step title="Executing external process" date="2026-01-19T01:01:09.975" type="process" path="git" arguments="config credential.helper &quot;!&apos;/home/site/repository/.git/hooks/git-credential-invalid.sh&apos;&quot;" /><!-- duration: 33ms -->
      </step><!-- duration: 69ms -->
      <step title="Setup post receive hook" date="2026-01-19T01:01:10.022" >
        <step title="Non-Windows enviroment, granting 755 permission to post-receive hook file" date="2026-01-19T01:01:10.048" /><!-- duration: 40ms -->
      </step><!-- duration: 73ms -->
    </step><!-- duration: 1434ms -->
    <step title="Executing external process" date="2026-01-19T01:01:10.107" type="process" path="git" arguments="log -n 1 dev --" >
      <step title="Process dump" date="2026-01-19T01:01:10.139" exitCode="128" type="processOutput" /><!-- duration: 9ms -->
    </step><!-- duration: 47ms -->
    <step title="Start deployment in the background" date="2026-01-19T01:01:10.161" >
      <step title="Executing external process" date="2026-01-19T01:01:10.175" type="process" path="git" arguments="rev-parse --git-dir" /><!-- duration: 15ms -->
      <step title="Executing external process" date="2026-01-19T01:01:10.196" type="process" path="git" arguments="rev-parse --git-dir" /><!-- duration: 14ms -->
      <step title="Executing external process" date="2026-01-19T01:01:10.216" type="process" path="git" arguments="log -n 1 dev --" >
        <step title="Process dump" date="2026-01-19T01:01:10.240" exitCode="128" type="processOutput" /><!-- duration: 7ms -->
      </step><!-- duration: 37ms -->
      <step title="Acquiring Deployment Lock" date="2026-01-19T01:01:10.264" /><!-- duration: 9ms -->
      <step title="Acquired Deployment Lock" date="2026-01-19T01:01:10.325" /><!-- duration: 6ms -->
    </step><!-- duration: 332ms -->
  </step><!-- duration: 1861ms -->
  <step title="Outgoing response" date="2026-01-19T01:01:10.508" type="response" statusCode="202" statusText="Accepted" /><!-- duration: 5ms -->
</step><!-- duration: 1919ms -->
