<step title="Incoming Request" date="2026-01-19T01:14:50.549" instance="9b805b" url="/api/publish?type=zip&amp;async=True" method="POST" type="request" pid="832,1,7" Accept="*/*" Host="laptop-store-api.scm.azurewebsites.net" User-Agent="AZURECLI/2.82.0 (DEB)" Accept-Encoding="gzip, deflate" Authorization="Bea..." Cache-Control="no-cache" Content-Type="application/octet-stream" Cookie="ARRAffinity=f6177e07658889475884cf4b3cae2489367f9554851cf54aa0d282da82a52db0; ARRAffinitySameSite=f6177e07658889475884cf4b3cae2489367f9554851cf54aa0d282da82a52db0" Content-Length="1877132" x-ms-client-request-id="23c2ed66-f4d4-11f0-9866-18c04da5acbe" x-ms-artifact-checksum="707f7caea2a126b82a9389ed63704503dd908f18cf6862ed84143098a2d5b6a6" X-ARR-LOG-ID="23c2ed66-f4d4-11f0-9866-18c04da5acbe" CLIENT-IP="14.191.160.191:17228" X-SITE-DEPLOYMENT-ID="laptop-store-api" WAS-DEFAULT-HOSTNAME="laptop-store-api.scm.azurewebsites.net" X-Forwarded-Proto="https" X-AppService-Proto="https" X-Forwarded-TlsVersion="1.3" X-WAWS-Unencoded-URL="/api/publish?type=zip&amp;async=True" X-Client-IP="14.191.160.191" X-Client-Port="17228" >
  <step title="Cleanup Xml Logs" date="2026-01-19T01:14:50.577" /><!-- duration: 29ms -->
  <step title="OneDeploy" date="2026-01-19T01:14:50.709" >
    <step title="None repository commit" date="2026-01-19T01:14:50.731" >
      <step title="Commit id: 5bc00b4f-55af-4608-8560-4e8cbae9159e" date="2026-01-19T01:14:50.737" Message="N/A" AuthorName="N/A" AuthorEmail="N/A" /><!-- duration: 3ms -->
    </step><!-- duration: 13ms -->
    <step title="Starting PushDeployAsync" date="2026-01-19T01:14:50.747" /><!-- duration: 3ms -->
    <step title="Writing artifact to /tmp/zipdeploy/fd94a2ad-6084-4a83-ad2e-18c2264bdafc.zip" date="2026-01-19T01:14:50.762" >
      <step title="Writing multipart request body to /tmp/zipdeploy/fd94a2ad-6084-4a83-ad2e-18c2264bdafc.zip" date="2026-01-19T01:14:50.766" /><!-- duration: 4ms -->
    </step><!-- duration: 187ms -->
    <step title="None repository commit" date="2026-01-19T01:14:50.978" >
      <step title="Commit id: 5bc00b4f-55af-4608-8560-4e8cbae9159e" date="2026-01-19T01:14:51.012" Message="N/A" AuthorName="N/A" AuthorEmail="N/A" /><!-- duration: 3ms -->
    </step><!-- duration: 40ms -->
    <step title="Start deployment in the background" date="2026-01-19T01:14:51.024" >
      <step title="None repository commit" date="2026-01-19T01:14:51.072" >
        <step title="Commit id: 5bc00b4f-55af-4608-8560-4e8cbae9159e" date="2026-01-19T01:14:51.083" Message="N/A" AuthorName="N/A" AuthorEmail="N/A" /><!-- duration: 7ms -->
      </step><!-- duration: 21ms -->
      <step title="Acquiring Deployment Lock" date="2026-01-19T01:14:51.101" /><!-- duration: 11ms -->
      <step title="Acquired Deployment Lock" date="2026-01-19T01:14:51.214" /><!-- duration: 3ms -->
    </step><!-- duration: 373ms -->
  </step><!-- duration: 710ms -->
  <step title="Outgoing response" date="2026-01-19T01:14:51.569" type="response" statusCode="202" statusText="Accepted" /><!-- duration: 30ms -->
</step><!-- duration: 1091ms -->
