<step title="Incoming Request" date="2026-01-19T01:16:18.926" instance="9b805b" url="/api/publish?type=zip&amp;async=False" method="POST" type="request" pid="832,1,15" Accept="*/*" Host="laptop-store-api.scm.azurewebsites.net" User-Agent="AZURECLI/2.82.0 (DEB)" Accept-Encoding="gzip, deflate" Authorization="Bea..." Cache-Control="no-cache" Content-Type="application/octet-stream" Cookie="ARRAffinity=9b805bec49cd6e108f8318510d3911b0c2515c3babab3c5c5f0255584fb6168e; ARRAffinitySameSite=9b805bec49cd6e108f8318510d3911b0c2515c3babab3c5c5f0255584fb6168e" Content-Length="1509021" x-ms-client-request-id="6e206280-f4d4-11f0-9866-18c04da5acbe" x-ms-artifact-checksum="84cf09c0cc8371f057cbda22d22d57cc7deda840c463e3c1aceb97bb7701da11" X-ARR-LOG-ID="6e206280-f4d4-11f0-9866-18c04da5acbe" CLIENT-IP="14.191.160.191:27790" X-SITE-DEPLOYMENT-ID="laptop-store-api" WAS-DEFAULT-HOSTNAME="laptop-store-api.scm.azurewebsites.net" X-Forwarded-Proto="https" X-AppService-Proto="https" X-Forwarded-TlsVersion="1.3" X-WAWS-Unencoded-URL="/api/publish?type=zip&amp;async=False" X-Client-IP="14.191.160.191" X-Client-Port="27790" >
  <step title="OneDeploy" date="2026-01-19T01:16:18.988" >
    <step title="None repository commit" date="2026-01-19T01:16:19.006" >
      <step title="Commit id: e9737a30-71ff-443d-8abe-a8d215e9de70" date="2026-01-19T01:16:19.026" Message="N/A" AuthorName="N/A" AuthorEmail="N/A" /><!-- duration: 11ms -->
    </step><!-- duration: 39ms -->
    <step title="Starting PushDeployAsync" date="2026-01-19T01:16:19.066" /><!-- duration: 81ms -->
    <step title="Writing artifact to /tmp/zipdeploy/60a51376-9b29-40c4-8848-26b2cd8bde5f.zip" date="2026-01-19T01:16:19.238" >
      <step title="Writing multipart request body to /tmp/zipdeploy/60a51376-9b29-40c4-8848-26b2cd8bde5f.zip" date="2026-01-19T01:16:19.261" /><!-- duration: 39ms -->
    </step><!-- duration: 281ms -->
    <step title="None repository commit" date="2026-01-19T01:16:19.551" >
      <step title="Commit id: e9737a30-71ff-443d-8abe-a8d215e9de70" date="2026-01-19T01:16:19.570" Message="N/A" AuthorName="N/A" AuthorEmail="N/A" /><!-- duration: 22ms -->
    </step><!-- duration: 89ms -->
    <step title="Attempting to fetch target branch HEAD" date="2026-01-19T01:16:19.661" /><!-- duration: 42ms -->
    <step title="Acquiring Deployment Lock" date="2026-01-19T01:16:19.731" /><!-- duration: 22ms -->
    <step title="Acquired Deployment Lock" date="2026-01-19T01:16:19.843" /><!-- duration: 20ms -->
    <step title="None repository commit" date="2026-01-19T01:16:19.932" >
      <step title="Commit id: e9737a30-71ff-443d-8abe-a8d215e9de70" date="2026-01-19T01:16:19.952" Message="N/A" AuthorName="N/A" AuthorEmail="N/A" /><!-- duration: 20ms -->
    </step><!-- duration: 51ms -->
    <step title="Performing fetch based deployment" date="2026-01-19T01:16:20.004" >
      <step title="Creating temporary deployment" date="2026-01-19T01:16:20.015" /><!-- duration: 319ms -->
      <step title="Releasing Deployment Lock" date="2026-01-19T01:16:21.855" /><!-- duration: 18ms -->
      <step title="Cleaning up temp folders from previous zip deployments and extracting pushed zip file /tmp/zipdeploy/60a51376-9b29-40c4-8848-26b2cd8bde5f.zip (1.44 MB) to /tmp/zipdeploy/extracted" date="2026-01-19T01:16:21.936" >
        <step title="ChmodRecursive Process exited with total time taken in ms: 169" date="2026-01-19T01:16:22.347" /><!-- duration: 30ms -->
      </step><!-- duration: 460ms -->
      <step title="None repository commit" date="2026-01-19T01:16:22.409" >
        <step title="Commit id: e9737a30-71ff-443d-8abe-a8d215e9de70" date="2026-01-19T01:16:22.427" Message="OneDeploy" AuthorName="N/A" AuthorEmail="N/A" /><!-- duration: 21ms -->
      </step><!-- duration: 49ms -->
      <step title="None repository commit" date="2026-01-19T01:16:24.470" >
        <step title="Commit id: e9737a30-71ff-443d-8abe-a8d215e9de70" date="2026-01-19T01:16:24.498" Message="N/A" AuthorName="N/A" AuthorEmail="N/A" /><!-- duration: 13ms -->
      </step><!-- duration: 60ms -->
      <step title="Deployment timer started" date="2026-01-19T01:16:24.571" >
        <step title="DeploymentManager.Deploy(id:e9737a30-71ff-443d-8abe-a8d215e9de70)" date="2026-01-19T01:16:24.642" >
          <step title="Collecting changeset information" date="2026-01-19T01:16:24.741" /><!-- duration: 180ms -->
          <step title="Updating submodules" date="2026-01-19T01:16:24.928" /><!-- duration: 1290ms -->
          <step title="Determining deployment builder" date="2026-01-19T01:16:26.592" >
            <step title="Builder is CustomBuilder" date="2026-01-19T01:16:26.596" /><!-- duration: 9ms -->
          </step><!-- duration: 17ms -->
          <step title="PreDeployment: context.CleanOutputPath False" date="2026-01-19T01:16:26.665" >
            <step title="PreDeployment: context.OutputPath /home/site/wwwroot" date="2026-01-19T01:16:26.837" >
              <step title="Building" date="2026-01-19T01:16:27.002" >
                <step title="Executing external process" date="2026-01-19T01:16:27.537" type="process" path="starter.sh" arguments="deploy.sh" >
                  <step title="Process dump" date="2026-01-19T01:16:27.636" exitCode="127" type="processOutput" /><!-- duration: 3ms -->
                </step><!-- duration: 107ms -->
                <step title="Error occurred" date="2026-01-19T01:16:27.658" type="error" text="/opt/Kudu/Scripts/starter.sh: line 2: exec: deploy.sh: not found
/opt/Kudu/Scripts/starter.sh deploy.sh" stackTrace="   at Kudu.Core.Infrastructure.Executable.ExecuteInternal(ITracer tracer, Func`2 onWriteOutput, Func`2 onWriteError, CancellationToken token, Encoding encoding, String arguments, Object[] args) in /tmp/KuduLite/Kudu.Core/Infrastructure/Executable.cs:line 239
   at Kudu.Core.Infrastructure.Executable.ExecuteWithProgressWriter(ILogger logger, ITracer tracer, CancellationToken token, String arguments, Object[] args) in /tmp/KuduLite/Kudu.Core/Infrastructure/Executable.cs:line 118
   at Kudu.Core.Deployment.Generator.ExternalCommandBuilder.RunCommand(DeploymentContext context, String command, Boolean ignoreManifest, CancellationToken token, String message) in /tmp/KuduLite/Kudu.Core/Deployment/Generator/ExternalCommandBuilder.cs:line 122" /><!-- duration: 3ms -->
                <step title="Error occurred" date="2026-01-19T01:16:27.678" type="error" text="/opt/Kudu/Scripts/starter.sh: line 2: exec: deploy.sh: not found
/opt/Kudu/Scripts/starter.sh deploy.sh" stackTrace="   at Kudu.Core.Infrastructure.Executable.ExecuteInternal(ITracer tracer, Func`2 onWriteOutput, Func`2 onWriteError, CancellationToken token, Encoding encoding, String arguments, Object[] args) in /tmp/KuduLite/Kudu.Core/Infrastructure/Executable.cs:line 239
   at Kudu.Core.Infrastructure.Executable.ExecuteWithProgressWriter(ILogger logger, ITracer tracer, CancellationToken token, String arguments, Object[] args) in /tmp/KuduLite/Kudu.Core/Infrastructure/Executable.cs:line 118
   at Kudu.Core.Deployment.Generator.ExternalCommandBuilder.RunCommand(DeploymentContext context, String command, Boolean ignoreManifest, CancellationToken token, String message) in /tmp/KuduLite/Kudu.Core/Deployment/Generator/ExternalCommandBuilder.cs:line 122
   at Kudu.Core.Deployment.Generator.CustomBuilder.Build(DeploymentContext context, CancellationToken token) in /tmp/KuduLite/Kudu.Core/Deployment/Generator/CustomBuilder.cs:line 53
--- End of stack trace from previous location ---
   at Kudu.Core.Deployment.DeploymentManager.Build(ChangeSet changeSet, ITracer tracer, IDisposable deployStep, IRepository repository, DeploymentInfoBase deploymentInfo, DeploymentAnalytics deploymentAnalytics, Boolean fullBuildByDefault, CancellationToken cancellationToken) in /tmp/KuduLite/Kudu.Core/Deployment/DeploymentManager.cs:line 771" /><!-- duration: 3ms -->
                <step title="Purge deployment items" date="2026-01-19T01:16:28.180" >
                  <step title="Remove temp-6248, Failed, received at 01/19/2026 01:16:20" date="2026-01-19T01:16:28.240" /><!-- duration: 4ms -->
                  <step title="Remove 5bc00b4f-, Failed, received at 01/19/2026 01:14:56" date="2026-01-19T01:16:28.310" /><!-- duration: 4ms -->
                </step><!-- duration: 137ms -->
              </step><!-- duration: 1318ms -->
            </step><!-- duration: 1488ms -->
            <step title="Error occurred" date="2026-01-19T01:16:28.330" type="error" text="/opt/Kudu/Scripts/starter.sh: line 2: exec: deploy.sh: not found
/opt/Kudu/Scripts/starter.sh deploy.sh" stackTrace="   at Kudu.Core.Infrastructure.Executable.ExecuteInternal(ITracer tracer, Func`2 onWriteOutput, Func`2 onWriteError, CancellationToken token, Encoding encoding, String arguments, Object[] args) in /tmp/KuduLite/Kudu.Core/Infrastructure/Executable.cs:line 239
   at Kudu.Core.Infrastructure.Executable.ExecuteWithProgressWriter(ILogger logger, ITracer tracer, CancellationToken token, String arguments, Object[] args) in /tmp/KuduLite/Kudu.Core/Infrastructure/Executable.cs:line 118
   at Kudu.Core.Deployment.Generator.ExternalCommandBuilder.RunCommand(DeploymentContext context, String command, Boolean ignoreManifest, CancellationToken token, String message) in /tmp/KuduLite/Kudu.Core/Deployment/Generator/ExternalCommandBuilder.cs:line 122
   at Kudu.Core.Deployment.Generator.CustomBuilder.Build(DeploymentContext context, CancellationToken token) in /tmp/KuduLite/Kudu.Core/Deployment/Generator/CustomBuilder.cs:line 53
--- End of stack trace from previous location ---
   at Kudu.Core.Deployment.DeploymentManager.Build(ChangeSet changeSet, ITracer tracer, IDisposable deployStep, IRepository repository, DeploymentInfoBase deploymentInfo, DeploymentAnalytics deploymentAnalytics, Boolean fullBuildByDefault, CancellationToken cancellationToken) in /tmp/KuduLite/Kudu.Core/Deployment/DeploymentManager.cs:line 771
   at Kudu.Core.Deployment.DeploymentManager.Build(ChangeSet changeSet, ITracer tracer, IDisposable deployStep, IRepository repository, DeploymentInfoBase deploymentInfo, DeploymentAnalytics deploymentAnalytics, Boolean fullBuildByDefault, CancellationToken cancellationToken) in /tmp/KuduLite/Kudu.Core/Deployment/DeploymentManager.cs:line 840" /><!-- duration: 10ms -->
            <step title="Cleaning up temp files" date="2026-01-19T01:16:28.434" /><!-- duration: 7ms -->
            <step title="Cleaning up temp files" date="2026-01-19T01:16:28.449" /><!-- duration: 504ms -->
            <step title="Error occurred" date="2026-01-19T01:16:28.999" type="error" text="/opt/Kudu/Scripts/starter.sh: line 2: exec: deploy.sh: not found
/opt/Kudu/Scripts/starter.sh deploy.sh" stackTrace="   at Kudu.Core.Infrastructure.Executable.ExecuteInternal(ITracer tracer, Func`2 onWriteOutput, Func`2 onWriteError, CancellationToken token, Encoding encoding, String arguments, Object[] args) in /tmp/KuduLite/Kudu.Core/Infrastructure/Executable.cs:line 239
   at Kudu.Core.Infrastructure.Executable.ExecuteWithProgressWriter(ILogger logger, ITracer tracer, CancellationToken token, String arguments, Object[] args) in /tmp/KuduLite/Kudu.Core/Infrastructure/Executable.cs:line 118
   at Kudu.Core.Deployment.Generator.ExternalCommandBuilder.RunCommand(DeploymentContext context, String command, Boolean ignoreManifest, CancellationToken token, String message) in /tmp/KuduLite/Kudu.Core/Deployment/Generator/ExternalCommandBuilder.cs:line 122
   at Kudu.Core.Deployment.Generator.CustomBuilder.Build(DeploymentContext context, CancellationToken token) in /tmp/KuduLite/Kudu.Core/Deployment/Generator/CustomBuilder.cs:line 53
--- End of stack trace from previous location ---
   at Kudu.Core.Deployment.DeploymentManager.Build(ChangeSet changeSet, ITracer tracer, IDisposable deployStep, IRepository repository, DeploymentInfoBase deploymentInfo, DeploymentAnalytics deploymentAnalytics, Boolean fullBuildByDefault, CancellationToken cancellationToken) in /tmp/KuduLite/Kudu.Core/Deployment/DeploymentManager.cs:line 771
   at Kudu.Core.Deployment.DeploymentManager.Build(ChangeSet changeSet, ITracer tracer, IDisposable deployStep, IRepository repository, DeploymentInfoBase deploymentInfo, DeploymentAnalytics deploymentAnalytics, Boolean fullBuildByDefault, CancellationToken cancellationToken) in /tmp/KuduLite/Kudu.Core/Deployment/DeploymentManager.cs:line 840
   at Kudu.Core.Deployment.DeploymentManager.DeployAsync(IRepository repository, ChangeSet changeSet, String deployer, Boolean clean, DeploymentInfoBase deploymentInfo, Boolean needFileUpdate, Boolean fullBuildByDefault) in /tmp/KuduLite/Kudu.Core/Deployment/DeploymentManager.cs:line 266" /><!-- duration: 4ms -->
          </step><!-- duration: 2344ms -->
          <step title="Reloading status file with latest updates" date="2026-01-19T01:16:29.068" >
            <step title="WebHooksManager.PublishEventAsync: PostDeployment" date="2026-01-19T01:16:29.074" /><!-- duration: 37ms -->
          </step><!-- duration: 46ms -->
          <step title="Error occurred" date="2026-01-19T01:16:29.117" type="error" text="/opt/Kudu/Scripts/starter.sh: line 2: exec: deploy.sh: not found
/opt/Kudu/Scripts/starter.sh deploy.sh" stackTrace="   at Kudu.Core.Infrastructure.Executable.ExecuteInternal(ITracer tracer, Func`2 onWriteOutput, Func`2 onWriteError, CancellationToken token, Encoding encoding, String arguments, Object[] args) in /tmp/KuduLite/Kudu.Core/Infrastructure/Executable.cs:line 239
   at Kudu.Core.Infrastructure.Executable.ExecuteWithProgressWriter(ILogger logger, ITracer tracer, CancellationToken token, String arguments, Object[] args) in /tmp/KuduLite/Kudu.Core/Infrastructure/Executable.cs:line 118
   at Kudu.Core.Deployment.Generator.ExternalCommandBuilder.RunCommand(DeploymentContext context, String command, Boolean ignoreManifest, CancellationToken token, String message) in /tmp/KuduLite/Kudu.Core/Deployment/Generator/ExternalCommandBuilder.cs:line 122
   at Kudu.Core.Deployment.Generator.CustomBuilder.Build(DeploymentContext context, CancellationToken token) in /tmp/KuduLite/Kudu.Core/Deployment/Generator/CustomBuilder.cs:line 53
--- End of stack trace from previous location ---
   at Kudu.Core.Deployment.DeploymentManager.Build(ChangeSet changeSet, ITracer tracer, IDisposable deployStep, IRepository repository, DeploymentInfoBase deploymentInfo, DeploymentAnalytics deploymentAnalytics, Boolean fullBuildByDefault, CancellationToken cancellationToken) in /tmp/KuduLite/Kudu.Core/Deployment/DeploymentManager.cs:line 771
   at Kudu.Core.Deployment.DeploymentManager.Build(ChangeSet changeSet, ITracer tracer, IDisposable deployStep, IRepository repository, DeploymentInfoBase deploymentInfo, DeploymentAnalytics deploymentAnalytics, Boolean fullBuildByDefault, CancellationToken cancellationToken) in /tmp/KuduLite/Kudu.Core/Deployment/DeploymentManager.cs:line 840
   at Kudu.Core.Deployment.DeploymentManager.DeployAsync(IRepository repository, ChangeSet changeSet, String deployer, Boolean clean, DeploymentInfoBase deploymentInfo, Boolean needFileUpdate, Boolean fullBuildByDefault) in /tmp/KuduLite/Kudu.Core/Deployment/DeploymentManager.cs:line 266" /><!-- duration: 3ms -->
          <step title="Could not find status file to mark the deployment failed" date="2026-01-19T01:16:29.192" /><!-- duration: 8ms -->
        </step><!-- duration: 4561ms -->
      </step><!-- duration: 4639ms -->
      <step title="Error occurred" date="2026-01-19T01:16:29.227" type="error" text="Deployment failed" stackTrace="   at Kudu.Core.Deployment.DeploymentManager.DeployAsync(IRepository repository, ChangeSet changeSet, String deployer, Boolean clean, DeploymentInfoBase deploymentInfo, Boolean needFileUpdate, Boolean fullBuildByDefault) in /tmp/KuduLite/Kudu.Core/Deployment/DeploymentManager.cs:line 307
   at Kudu.Core.Deployment.FetchDeploymentManager.PerformDeployment(DeploymentInfoBase deploymentInfo, IDisposable tempDeployment, ChangeSet tempChangeSet, DeployStatusApiResult updateStatusObj) in /tmp/KuduLite/Kudu.Core/Deployment/FetchDeploymentManager.cs:line 230
   at Kudu.Core.Deployment.FetchDeploymentManager.&lt;&gt;c__DisplayClass17_0.&lt;&lt;FetchDeploy&gt;b__0&gt;d.MoveNext() in /tmp/KuduLite/Kudu.Core/Deployment/FetchDeploymentManager.cs:line 131
--- End of stack trace from previous location ---
   at Kudu.Core.Deployment.FetchDeploymentManager.FetchDeploy(DeploymentInfoBase deployInfo, Boolean asyncRequested, Uri requestUri, String targetBranch) in /tmp/KuduLite/Kudu.Core/Deployment/FetchDeploymentManager.cs:line 124
   at Kudu.Services.Deployment.PushDeploymentController.PushDeployAsync(ArtifactDeploymentInfo deploymentInfo, Boolean isAsync, HttpContext context, JObject requestJson) in /tmp/KuduLite/Kudu.Services/Deployment/PushDeploymentController.cs:line 802
   at Kudu.Services.Deployment.PushDeploymentController.OneDeploy(String type, Boolean async, String path, Nullable`1 restart, Nullable`1 clean, Boolean ignoreStack, Boolean trackDeploymentProgress, Boolean trackStatus, Boolean reset) in /tmp/KuduLite/Kudu.Services/Deployment/PushDeploymentController.cs:line 624
   at Microsoft.AspNetCore.Mvc.Infrastructure.ActionMethodExecutor.TaskOfIActionResultExecutor.Execute(ActionContext actionContext, IActionResultTypeMapper mapper, ObjectMethodExecutor executor, Object controller, Object[] arguments)
   at Microsoft.AspNetCore.Mvc.Infrastructure.ControllerActionInvoker.&lt;InvokeActionMethodAsync&gt;g__Awaited|12_0(ControllerActionInvoker invoker, ValueTask`1 actionResultValueTask)
   at Microsoft.AspNetCore.Mvc.Infrastructure.ControllerActionInvoker.&lt;InvokeNextActionFilterAsync&gt;g__Awaited|10_0(ControllerActionInvoker invoker, Task lastTask, State next, Scope scope, Object state, Boolean isCompleted)
   at Microsoft.AspNetCore.Mvc.Infrastructure.ControllerActionInvoker.Rethrow(ActionExecutedContextSealed context)
   at Microsoft.AspNetCore.Mvc.Infrastructure.ControllerActionInvoker.Next(State&amp; next, Scope&amp; scope, Object&amp; state, Boolean&amp; isCompleted)
   at Microsoft.AspNetCore.Mvc.Infrastructure.ControllerActionInvoker.&lt;InvokeInnerFilterAsync&gt;g__Awaited|13_0(ControllerActionInvoker invoker, Task lastTask, State next, Scope scope, Object state, Boolean isCompleted)
   at Microsoft.AspNetCore.Mvc.Infrastructure.ResourceInvoker.&lt;InvokeNextResourceFilter&gt;g__Awaited|25_0(ResourceInvoker invoker, Task lastTask, State next, Scope scope, Object state, Boolean isCompleted)
   at Microsoft.AspNetCore.Mvc.Infrastructure.ResourceInvoker.Rethrow(ResourceExecutedContextSealed context)
   at Microsoft.AspNetCore.Mvc.Infrastructure.ResourceInvoker.Next(State&amp; next, Scope&amp; scope, Object&amp; state, Boolean&amp; isCompleted)
   at Microsoft.AspNetCore.Mvc.Infrastructure.ResourceInvoker.&lt;InvokeFilterPipelineAsync&gt;g__Awaited|20_0(ResourceInvoker invoker, Task lastTask, State next, Scope scope, Object state, Boolean isCompleted)
   at Microsoft.AspNetCore.Mvc.Infrastructure.ResourceInvoker.&lt;InvokeAsync&gt;g__Awaited|17_0(ResourceInvoker invoker, Task task, IDisposable scope)
   at Microsoft.AspNetCore.Mvc.Infrastructure.ResourceInvoker.&lt;InvokeAsync&gt;g__Awaited|17_0(ResourceInvoker invoker, Task task, IDisposable scope)
   at Microsoft.AspNetCore.Builder.RouterMiddleware.Invoke(HttpContext httpContext)
   at Kudu.Services.Web.Tracing.TraceMiddleware.Invoke(HttpContext context) in /tmp/KuduLite/Kudu.Services.Web/Tracing/TraceMiddleware.cs:line 101" innerText="/opt/Kudu/Scripts/starter.sh: line 2: exec: deploy.sh: not found
/opt/Kudu/Scripts/starter.sh deploy.sh" innerStackTrace="   at Kudu.Core.Infrastructure.Executable.ExecuteInternal(ITracer tracer, Func`2 onWriteOutput, Func`2 onWriteError, CancellationToken token, Encoding encoding, String arguments, Object[] args) in /tmp/KuduLite/Kudu.Core/Infrastructure/Executable.cs:line 239
   at Kudu.Core.Infrastructure.Executable.ExecuteWithProgressWriter(ILogger logger, ITracer tracer, CancellationToken token, String arguments, Object[] args) in /tmp/KuduLite/Kudu.Core/Infrastructure/Executable.cs:line 118
   at Kudu.Core.Deployment.Generator.ExternalCommandBuilder.RunCommand(DeploymentContext context, String command, Boolean ignoreManifest, CancellationToken token, String message) in /tmp/KuduLite/Kudu.Core/Deployment/Generator/ExternalCommandBuilder.cs:line 122
   at Kudu.Core.Deployment.Generator.CustomBuilder.Build(DeploymentContext context, CancellationToken token) in /tmp/KuduLite/Kudu.Core/Deployment/Generator/CustomBuilder.cs:line 53
--- End of stack trace from previous location ---
   at Kudu.Core.Deployment.DeploymentManager.Build(ChangeSet changeSet, ITracer tracer, IDisposable deployStep, IRepository repository, DeploymentInfoBase deploymentInfo, DeploymentAnalytics deploymentAnalytics, Boolean fullBuildByDefault, CancellationToken cancellationToken) in /tmp/KuduLite/Kudu.Core/Deployment/DeploymentManager.cs:line 771
   at Kudu.Core.Deployment.DeploymentManager.Build(ChangeSet changeSet, ITracer tracer, IDisposable deployStep, IRepository repository, DeploymentInfoBase deploymentInfo, DeploymentAnalytics deploymentAnalytics, Boolean fullBuildByDefault, CancellationToken cancellationToken) in /tmp/KuduLite/Kudu.Core/Deployment/DeploymentManager.cs:line 840
   at Kudu.Core.Deployment.DeploymentManager.DeployAsync(IRepository repository, ChangeSet changeSet, String deployer, Boolean clean, DeploymentInfoBase deploymentInfo, Boolean needFileUpdate, Boolean fullBuildByDefault) in /tmp/KuduLite/Kudu.Core/Deployment/DeploymentManager.cs:line 266" /><!-- duration: 4ms -->
      <step title="Incoming Request" date="2026-01-19T01:16:29.260" url="/Error?type=zip&amp;async=False" method="POST" type="request" pid="832,1,3" Accept="*/*" Host="laptop-store-api.scm.azurewebsites.net" User-Agent="AZURECLI/2.82.0 (DEB)" Accept-Encoding="gzip, deflate" Authorization="Bea..." Cache-Control="no-cache" Content-Type="application/octet-stream" Cookie="ARRAffinity=9b805bec49cd6e108f8318510d3911b0c2515c3babab3c5c5f0255584fb6168e; ARRAffinitySameSite=9b805bec49cd6e108f8318510d3911b0c2515c3babab3c5c5f0255584fb6168e" Content-Length="1509021" x-ms-client-request-id="6e206280-f4d4-11f0-9866-18c04da5acbe" x-ms-artifact-checksum="84cf09c0cc8371f057cbda22d22d57cc7deda840c463e3c1aceb97bb7701da11" X-ARR-LOG-ID="6e206280-f4d4-11f0-9866-18c04da5acbe" CLIENT-IP="14.191.160.191:27790" X-SITE-DEPLOYMENT-ID="laptop-store-api" WAS-DEFAULT-HOSTNAME="laptop-store-api.scm.azurewebsites.net" X-Forwarded-Proto="https" X-AppService-Proto="https" X-Forwarded-TlsVersion="1.3" X-WAWS-Unencoded-URL="/api/publish?type=zip&amp;async=False" X-Client-IP="14.191.160.191" X-Client-Port="27790" >
        <step title="Outgoing response" date="2026-01-19T01:16:29.309" type="response" statusCode="400" statusText="BadRequest" /><!-- duration: 14ms -->
      </step><!-- duration: 75ms -->
